"HolderAddress","Quantity","PendingBalanceUpdate"
"0xeca4ba41913ca2867180c37d80991f916346b68d","500","No"
"0xac6b7cacc01a811fc7577b8f9e40755cb572956e","54","No"
"0xcbc69338c98887ddf680da64bf2495855e3a7218","24","No"
"0x55d51a0346706e5c7d0ba731365c6488055a55ff","15","No"
"0x116e089d643e50f9395d34ca3ac45bc0680558f8","13","No"
"0xd6a6e5bcd43caf9d8702a151f53b1f07aa1765f7","12","No"
"0x17585b625889befc32d6b9f538b54f9c6d1fb1c2","11","No"
"0xacbc9bf12851fc342edc84647580a18b469f90d3","11","No"
"0x6591f99f9b36f3c1a7414516c6aab23ed1419b94","10","No"
"0xf8a3cbc156996f0fbde3c345eefe3fee4a9e5853","9","No"
"0xf99b11016b4e9ab00226446af3715610359fa8cd","9","No"
"0x2469c0e2683e6d42a6ee33264238dcab2aa69385","8","No"
"0x6b01bf395d84a0815c130a46cfa28bdeea4922aa","8","No"
"0xf3b8b9ef2a57183bf6236faedcccc9f93ff472c6","7","No"
"0x03e4ae853fa5bc1a75be2128638a4d737d97d34a","6","No"
"0x087886a2aa1e263bd72eb67a365d268a3e13c85b","6","No"
"0x0caa59a005a63faba66973d4c1dd447fc2951f36","6","No"
"0x0f25c5ac5cbed4ff15aab4ca3639f87a453b9ab8","6","No"
"0x14273493f5e508ff7c002e532aa7c4829660e18c","6","No"
"0x14c9cce7211335687b881bc26e49f113229f11da","6","No"
"0x18579a64cc4e6c130f22c2211c5d223e5bd83203","6","No"
"0x1b2dab8062e1d7ea6d6bff01ae297fede19e3125","6","No"
"0x1b4862f983aa573518b612f1bb1579f4b02796cb","6","No"
"0x1bbda612525d0361a0c46fc001830a6e0ddb7eaa","6","No"
"0x25c59677f83cc6d0b7af2159af6b8b873b5fa4ce","6","No"
"0x2a138e24cf857f189826600463c05d0cac5aeede","6","No"
"0x2c3b13132866fdccd0ac5b4fb44202e71d2800bd","6","No"
"0x2f607801945c0af57f95f297986f7333b85d379c","6","No"
"0x302efe698e7de77326079eb78fb2a5800a157f67","6","No"
"0x39a25b5281b1433f6bf1e1dad3f6f1c21fdc480d","6","No"
"0x44106f46071404b40ceeace29babed315340d063","6","No"
"0x47d722652d85be004aaf2fd7edeed9832e1341c7","6","No"
"0x5d63c31d99e5ce6419ddf59ae93866fca252b46d","6","No"
"0x693d8730ecfc65edbe3c92d29f1d2866e8c4f712","6","No"
"0x6a9065271055e710116209c8032d2e18e42535a7","6","No"
"0x6e1439897528baf2d3da007585836a64298ff854","6","No"
"0x72fae93d08a060a7f0a8919708c0db74ca46cbb6","6","No"
"0x7847b1c8ad03a188036dea54ce7847fb418e9217","6","No"
"0x7abcbfb986bfca6714c49f46dc108f55f453600f","6","No"
"0x7af61c34e9974b6d821e791a006e564800de30b1","6","No"
"0x7f42b05d004a9c9656633cd660bd033640a549da","6","No"
"0x83bff380d2c59f88f3132542fb23b40afcf361d7","6","No"
"0x88b87218f6e0981e238311471b1731e5d5b2a4df","6","No"
"0x8f5c93fa0cb590a3ece33d0a2ee638ed0921b347","6","No"
"0x8f804dec80028cb5bbc5537762b27629a4ab6c94","6","No"
"0x9177dfaffe15d5d4a4dcac5582cd829b79a407b8","6","No"
"0x91d00b76fb2633b811c69a56c062268e58bab1e1","6","No"
"0x925e7aae0afc6dc1690ac6b82b7e6c8042338a2a","6","No"
"0x956f0602b7725cd5edf7b366c7b87a9327522466","6","No"
"0x957291eae3d53b5a7c0a6bf2c0f08de5d87b14f6","6","No"
"0x968af8c01d117ac36abcd1374eee7799bf53cf42","6","No"
"0x993c58334d210a0c3be916d144caf2464ae36723","6","No"
"0x9c6575574e47d9d9a8e6f6a3436da9b15931975d","6","No"
"0x9de565a7795e5e5dabdcc12feb0a3229bef9d066","6","No"
"0xa35b7895dbe1be425111b7bac91232497196fe89","6","No"
"0xa6f95ffa23ca53d33390f3ad6d1da06f8a456ccf","6","No"
"0xa959cac45da7ae1feff63c915b29664011ad924e","6","No"
"0xa9694dd9ab411209c1eb86e6e16106f47be1e759","6","No"
"0xb28a151403e4c1b17642ec4488d0058b8498d77b","6","No"
"0xb2d2ecc7d94cfb8e70f60aeb97bf7f4c4cb8ef28","6","No"
"0xb346c28592498c8357f9e88474b486a9c5d49274","6","No"
"0xba0eaa19f49ca94bf28e27968f54d4abf8936b9f","6","No"
"0xbb68cfa68ec8ac9c397c5e97d5fc4d33009f8ac0","6","No"
"0xbc23db91a554ef74648c3d751da99388a8828908","6","No"
"0xbe7477f91cda5a3cfde46ca6e2d8fe8a1c51161c","6","No"
"0xc265a526f733d4554740ea7d6c846e7263020685","6","No"
"0xc77b9a1efda8f3d87022cc8d323225a5a67fa902","6","No"
"0xc875ec84448bb026aab70ce52d28b3091eb65e82","6","No"
"0xcb06bede7cb0a4b333581b6bdcd05f7cc737b9cc","6","No"
"0xcb6e63792e2e55a0158fb6733550fe83c06db080","6","No"
"0xcf0c19baf291b578383ba758c7d3cff0b2fce371","6","No"
"0xdb3a84e7b371d021cf23690f513fc78c4e284dc4","6","No"
"0xdd8b4fe3a3bdeb036ac54a696eab538cc5266a1c","6","No"
"0xe033080a0486898af493fd8430ef33aa64c417b5","6","No"
"0xeb546f8dece2463b7ee9c5a09bf2f741ec705daa","6","No"
"0xf7be956cda32859979772b06fa5764293cfa0dbe","6","No"
"0xf7fa2b9ccee29d6d760377d040e6ef92bf9b09ff","6","No"
"0xfc1dceb7648510b54cd3f0e19288a1def9699833","6","No"
"0xfe535192bd5cd07eb2a5cd14e9b442396f4ff9a8","6","No"
"0x1aae1bc09e1785c8cb00650db0c6015bd73b0c7e","5","No"
"0x28018c45568c96a7af5bcc51fb0687808f31dfed","5","No"
"0x5c84ed9f16a3d83c27cadae36a74aa152f9d8e4a","5","No"
"0x72703b554a7089f93ff1fc6cc6c0e623900a7b80","5","No"
"0x75872c384475117e8c19ba27e1fbe8473af9ebc5","5","No"
"0xd387a6e4e84a6c86bd90c158c6028a58cc8ac459","5","No"
"0xd6418502e12ff5035da103ba803b20a3de62db3e","5","No"
"0x064f5692b711fe69cc10ef3848ba659b8b6dcefa","4","No"
"0x0764f984d93df2bf47b75e870984c480e3db6ab5","4","No"
"0x087f922032e38308835e2736acfadb7857ee4b8d","4","No"
"0x0ffade3d9175f11ffb0b40f44e78832784dbe808","4","No"
"0x1e3230d8c4d54bab2148a4cb493cefee7a61e7aa","4","No"
"0x26a6f7f767aa8b3055e5d023be23d3bf7242f4f6","4","No"
"0x3c0a3d1994c567fd4bf17dc5858ec84ff1f87501","4","No"
"0x430d553c967ec200045a60951ef5dab3cde95548","4","No"
"0x6d7cc1045bb46e1c697f4d3db88df3e2453e8c5b","4","No"
"0x745dd471cbe8e510f787f5f4de527a7cdc34534d","4","No"
"0xbce3bd3b206946abbe094903ae2b4244b52fb4e9","4","No"
"0xc03c94708be1626ef210c8bb1f59282b7cfd9027","4","No"
"0xc3350ad1d08f85acab2025657fbee18c1c98cce1","4","No"
"0xe40ae4e6c71408b25b7d2a119c41f1f56ef27e0e","4","No"
"0xf6b60b7d8933ade621c89af9f9d9ea8c721b049f","4","No"
"0xfb526650124b2cb666fae7c5335e5b6d0cb823a2","4","No"
"0x01535764501ae1dccd6a7a4452e1368e4a32c83b","3","No"
"0x0374c2a8ab9fd2b23305f168ee2a512e9bbd3094","3","No"
"0x058273c8b3d8ac061cb4599ba816c4807c42c838","3","No"
"0x05a8810bf69a6d9496497a364f1e21e855187f95","3","No"
"0x073c332ced8b9c6e73b3d3ef4ee6f0862fff3549","3","No"
"0x073e0ffb23fe7cf918efa23ac1e2b07f23654e67","3","No"
"0x07ad4d3f9b0efc16d6f3598dd360de89b76b40d3","3","No"
"0x08046e2349017615d53d3977c307d39ab4eeb3cf","3","No"
"0x0813290698e0fe46fbeca7974c598920c35d27fa","3","No"
"0x091de5198b3fa9621fbf2a736bc8dd97baa47ca2","3","No"
"0x0955476b9daec02653e688b865660ca5417faad4","3","No"
"0x0970b838d4d209b21de42ca52f7e0fe79811de26","3","No"
"0x0976042c0dbef8ca724dc5d2f3c3bfff1a23054a","3","No"
"0x098132fccb732f650071d6b281092df22d60c28e","3","No"
"0x0b57a971566ecfafc0dcd34b50641f6d18ecf80d","3","No"
"0x0b6d56b0aebcba43052e7c172de9754338fd3dd1","3","No"
"0x0bad329cb915575f2fc954da0f31a3ad06d0883d","3","No"
"0x0ca85b489a1276ef7042f1d032d0ef3831eaf4ca","3","No"
"0x0cb7d023f049585bdb6ea48733d2b94926f1ca60","3","No"
"0x0cf43674e2ff8aa07d904847f55e3c2afdc3a9fa","3","No"
"0x0d73aa5de89b309798f9fcbba8b86c4fd5f542fc","3","No"
"0x0dce30c769aa958023240c0404f83914a79e7b33","3","No"
"0x0e73d837b29ac157d072c946ad65d3fa9a5750ba","3","No"
"0x0edb635efdb162ff3ce1d63fdaf36e02f7e2bd82","3","No"
"0x0ee0e28ca9cdcb98960c38e909598a272c8fca95","3","No"
"0x0eeb1b4854252fa5e1defbf4c441315e2abd279a","3","No"
"0x0f916d6bccce8eb2fdf0cbef7dde2452fc55ba09","3","No"
"0x0fa1288c9eddfbcfb93f484e19bd2c7564f72368","3","No"
"0x0fc5529117edb4f728d0b8ff82b63fceb10869d0","3","No"
"0x105b7b1e87b4035eac42b8d7cf07b210f0284d33","3","No"
"0x10c1c5554d4ed417d1d3b0e9c7b08e057bc9cb3c","3","No"
"0x111e6bbd3ed469fe2cb26e79f4162e4dbddd2355","3","No"
"0x12b6d12a6b5d23804c94ec1e40e0df5e91bd0cc0","3","No"
"0x12e3a5b022b275ad14588ebf82dd99e8d5a4d300","3","No"
"0x13027f849d4bb4193b09ba380f0940f389e770b0","3","No"
"0x13b3ff6f1d996eaf36022ea2a92669e1371e46d7","3","No"
"0x1405d7e44400824de19b24c6333d0dfa2f241774","3","No"
"0x143dd81e2df9be0efb1fec28f934cbf3e398430d","3","No"
"0x14d87e292aa0e251ca50bf980b8ca54d4f2f2623","3","No"
"0x153d9db36b3590b7a14313724e66edaf50d235f0","3","No"
"0x15b383b0e83a1311a006567f6b330fba7ec26d88","3","No"
"0x15f118b55d5eb14cde53c0953f80bdd498d18736","3","No"
"0x16ad81285cc81f046005891f250fc39580397946","3","No"
"0x171cc3ddae5825b707ad072fd640fcaac1c0e36d","3","No"
"0x177cedede56c25174823424bec382df16bb03596","3","No"
"0x1793cf5ff43ed5171f74aefa634ac4df917db55d","3","No"
"0x17a50fc210ac1174c24e2d0910bcf78d94a9cf0b","3","No"
"0x18075f4f3fb3526e6e4d8f82c7464496d7c2cf9e","3","No"
"0x1885597ca499c1b460ef30248bdc5c28f5c75c93","3","No"
"0x188bf6eafb47605bc31bcf545aba257e4ffc61ea","3","No"
"0x190ec0d4acf97a2de0298f58d6b0e3033def5ec6","3","No"
"0x193f0ee42a199a0cecd479a9f09ba293eb1ca357","3","No"
"0x194b3496e9d2ffae6af332350d33af8b21ca9b5d","3","No"
"0x196bf546a4944c31856009a87347c735e5d42a9d","3","No"
"0x1985bde6f68ff743907d147ead62da65ab651714","3","No"
"0x19aa8a1018a8ad2c665dbcef4ed635c16c1d8ca8","3","No"
"0x1bb3e2ebc87daad4c2b4495451557f0a3d3aa36c","3","No"
"0x1bb42ee14895f93bbd377f2b2802b11b6ee40b9b","3","No"
"0x1bb436170c507d41cfa5abc0d35eeda895755a12","3","No"
"0x1c4e354346e74ee483e92e94dc35ecd663d172ac","3","No"
"0x1c57c45b997908d073c0b8d83d021a51db06715c","3","No"
"0x1c812713a9654319fa7daec9e3311b1b3ce9143d","3","No"
"0x1c844fbd946ff35385d636953017cee2781db754","3","No"
"0x1cd15d7fb8437d29ec950fc6c2232e329cb7c018","3","No"
"0x1d6b3057770db1bae333ac2909660c79cd533a99","3","No"
"0x1e305fa56ef0b058e7c6da8891164c17708b678b","3","No"
"0x1ea911eb476be35fd0f8aa6b5a159cc86bb3fdf0","3","No"
"0x1f5b92a52cfddbd6d3a02473bdbcf73051720c28","3","No"
"0x21271500be1638e05e6fba300520f4f019f34a4e","3","No"
"0x2176c4c6e8b483aaa6dfe4a06fd22ead7713e050","3","No"
"0x2177da04f9479496c2292d6344d306aa49beb34a","3","No"
"0x219af6ce48385d1f8bf7219c38b6b917f1571522","3","No"
"0x22657c7fb5207d2e02f5d9dcc42fdc5277a3e768","3","No"
"0x23f8c7db7a1b656652e9726ab264c5b181418b9f","3","No"
"0x252355c0baf5e72a39a2f2f8f30e327e58f2ffe0","3","No"
"0x261318280a2593780fc0b49463d2065bc4b9acea","3","No"
"0x275272639eaeb5e0c4c607ba93b551336182754e","3","No"
"0x27c79a01878962ce0b6126af6e184c06d36c8f37","3","No"
"0x27ca40b4bb1416c7217662ab4631930ad0119327","3","No"
"0x2829d75963e0f9475c31e8dd014152b3ad2efc6b","3","No"
"0x28f7c93056e7c777e1db3aeb6468ec79d0d72d7e","3","No"
"0x297419b983e64118129473c55cfa4184e3dad249","3","No"
"0x29ab060bd02cd22e4042095679cfc5118098d46c","3","No"
"0x2a052a1e9b0c0d665b55baafe671c7a1a93ca513","3","No"
"0x2a93d080b47d381f46ee06b71378e44169fee011","3","No"
"0x2afd8ba65eee777c0f73bb65ef07e1024b627b55","3","No"
"0x2b3147a215630ec9f22344ca19944a9ec5cd4158","3","No"
"0x2b8a85ad94e02c1ec7d78d98ffb0bd9a3e9f1411","3","No"
"0x2bd028e01e47610fcf399182df88f953e7f97de5","3","No"
"0x2c998a6cf2665b3bbc6aeaa94bd8ab5452970ec3","3","No"
"0x2df0fd0aac061e864f6402ea4c62aa6167a4578d","3","No"
"0x2dfa8ebc4655b06c1fa0b17182f18571833558a9","3","No"
"0x2e3dc6ac7f39a59eef62521621d237150f3ed8af","3","No"
"0x2e711c55342e9fbe5bce67c5265ed55480181838","3","No"
"0x2f7100a662ad8ecf32bf70ec9880d8c3eafad29f","3","No"
"0x3109b557cd97345d300f44924b603fd5549d1602","3","No"
"0x31861bf9d1348252512bb6fad4525e3a0f7b61ab","3","No"
"0x319ae2eed5238c6c1f9f5c836302c147cbcb1406","3","No"
"0x32497a0f2b734eed721e60a3c270c2029430325a","3","No"
"0x3265a39fa1bdd28b9029568208e3cb4639adbf3e","3","No"
"0x334c16b4145929a2be422c2110434593670adc94","3","No"
"0x33abc6286795e0045d462082027802af5a86eca3","3","No"
"0x344b8002fdc558f1c6fdfb6e6d46773a3361a6a9","3","No"
"0x34756d8400f2426851dc46d6ab38f0df004ce1e7","3","No"
"0x349a30400d7cb23ce685326e0658fea2efbd3f3f","3","No"
"0x34e7f6a4d0bb1fa7afe548582c47df337fc337e6","3","No"
"0x3637f826bd0a4ae4bcb0b48fac9b7c89b8f2d4e7","3","No"
"0x369615bc57975b06c418f42d3fda3754a385b97b","3","No"
"0x36f70b46ffaee544588694ca9612a1a6709fa313","3","No"
"0x3705121529bf40d77e8e7b625120551b151d9af2","3","No"
"0x377a644dfa0b4a1dd3a859f960cda61bc5ed7a9b","3","No"
"0x379584b4594a7e6ddfc8005da44ff1bc84496978","3","No"
"0x379f75d14f5822e3491d4618f9517a99f881da0a","3","No"
"0x37ab9cbfacb18d59831d40ff47ba673c066120a2","3","No"
"0x3862ffa813aa484e7384d07d1e686fc1b81a2d9c","3","No"
"0x388f73bce307d1badb543627b522c8909a7a8a30","3","No"
"0x39531d59fb7f1bbb0d47ab8b4fc6fa640f888a85","3","No"
"0x3a5775510c1889eebac7722c1fa7d3c7a5844718","3","No"
"0x3abfc7ffa744edc456d361be957f972d1bac4991","3","No"
"0x3ac0c17dda63d24c32655fbb4c09cbb564e9c16b","3","No"
"0x3d2198fc3907e9d095c2d973d7ec3f42b7c62dfc","3","No"
"0x3de5327ced33ce0a298e807d72709ce60c9f34e5","3","No"
"0x3f0097edfe04ae5a58203d285d5dd923b36782af","3","No"
"0x4032ab8d5cced1444240c7b973f36d712981fb00","3","No"
"0x407a19184306804ea7e4e86515aa71379b50f877","3","No"
"0x407a30af48d6523873c5027610a57f5d02b6252c","3","No"
"0x40f8242f0a5ab38679bd63bf481e81fa44f70f98","3","No"
"0x40fb301dc3e6e706051a7f917bf1df8bbbe65cd1","3","No"
"0x414826beb718f2b204bca67b949604bdc739fcba","3","No"
"0x41495bd21e46a6fc08e6d19562064198e874b97f","3","No"
"0x42353a7fc70eab5c0017733813805313b7b10b8b","3","No"
"0x424adf9d641b781870afd230775b4ec9a6e3b2f8","3","No"
"0x427d5f96fd50a8bc8de6eeb70b15e86366297fa7","3","No"
"0x42bf256dd1abb69590afc4e352a5c518c0e48215","3","No"
"0x42c87cbc6de0940ecf441afae0b94e6638194c1e","3","No"
"0x4306a9f32ce8c597b34ee8d580df06cec369cf33","3","No"
"0x4354d9cf4efac6a04e70168d48a309fa6064e700","3","No"
"0x43e52b1326711319e8056e5745837c52a24567a7","3","No"
"0x44b4d430e7c56e4ca04c5799e561063ccc1f1df2","3","No"
"0x4534c697798050a3a24043726b2006ce4ba2575f","3","No"
"0x46b008f74ba1821060ccf00369d16288e08104fb","3","No"
"0x46cb73a78b3d164bb35e39816546be863793e732","3","No"
"0x47ba498959a5fb072dc0826a97ad79a2d690e787","3","No"
"0x4816c8face818964696340e8353fbe34bf49fcd7","3","No"
"0x49885298d3e1e674631fee117b1530eddf75e01d","3","No"
"0x4a32007040567190bed4fa6ff3f5a03c0d47c9d7","3","No"
"0x4b05fee30ba471941ed1fd6fb3f68bcdfecfc036","3","No"
"0x4b62c4137c8e983cf62cf6fc3feeaa6e0cab7fc3","3","No"
"0x4b70b870182f65e43e7413ec33878015eab7e7ff","3","No"
"0x4bba0f70d40287d2db2208172f9defd94fec4bb4","3","No"
"0x4c32056c40b454f42cb8813e013a2096b70ed6ae","3","No"
"0x4c755150050873fd41469ac3e92efb4863577ac3","3","No"
"0x4cb3dd62f3b36625afdb75004163ce9962ac6f51","3","No"
"0x4d6ebdef5f0df4a47f6b4fd1ceb976bda4e9ccfd","3","No"
"0x4d73aaf712362550f1c22de5387391e0391b4275","3","No"
"0x4eb859fc83977267fbb6ae1066a51fb4c9086c28","3","No"
"0x4f0380f067ab6786bf73c473659a4958c672b89d","3","No"
"0x4f0a0714b3a585b5fb999b4084115c0afa742cfe","3","No"
"0x4f5d82931fe09ca1c1ac67c602c55e5feddf0e98","3","No"
"0x4f8382f3d38108128e98b621f7370179dd99e1b6","3","No"
"0x5062643314417a88ae40bbdc8b15f21c4abb288b","3","No"
"0x516e9b3ee313188a0ccc9291c520c137d6634b0c","3","No"
"0x518e850b139b6d81626b29e1b4e957ad345156a8","3","No"
"0x5278d5b0d6cf0bc06e29901698c32f77d3ae4b3c","3","No"
"0x5284b0ba212a1f94246afdf3ceb892441d1e3434","3","No"
"0x52f349edd4dcb7a3c60bf3066ce9a23962726d25","3","No"
"0x532ffb08114bf840ac4e0b22acea7d0ade1a18c6","3","No"
"0x53f29010087b736604f58621e02f8e94175feaca","3","No"
"0x53feba757be2be0f440cb6b5017314e89eb13bc2","3","No"
"0x545f02c130aa93f33d7f089734b3ff09be9bf024","3","No"
"0x5474327b0554c55c1b4d1be8bd300a577732f51b","3","No"
"0x54919c903a6298ed7782e1c67673f24771e59c31","3","No"
"0x552b6ad871f27a9729162c18d769050363f2d57e","3","No"
"0x56fcfeb7d7afa46c9aa58f08a04fbb11eb27808c","3","No"
"0x5831240fd3f7593f627da552fe7ddd60e9685723","3","No"
"0x584aa82e6ad7ca8861d20ad73ccb58e7d167eb6a","3","No"
"0x592fb24d4fc4cb0779b06c6f881c498fdf39d612","3","No"
"0x599402d124eb10bb6c072e52050c1223afdd3226","3","No"
"0x5a2a763adc27ac0044593d0ce9f5a4cf6d4ec073","3","No"
"0x5b0967c34c75ffb95bcdba9bb50b57424ad1e01c","3","No"
"0x5ba47f8c64fcf55e986e2f37860b91b501d1b1ed","3","No"
"0x5c08812d7adf8565125c03c33e066830dcd63023","3","No"
"0x5c811e9cc160352d37a24b2a6e43b14310a6ee45","3","No"
"0x5d20382abe902bc77b7e80496af3dad37f308dc2","3","No"
"0x5dfa3092be17f441f85a4b3218a7675f0efcf9a3","3","No"
"0x5e46884a77e0ac5f3126e30720bd5218814dc5e2","3","No"
"0x5f007ec3287d6ecdd0ecd84f2c9db405fb18b25b","3","No"
"0x5f1dd22f8bc094d39a7f8690db8db9038ff75375","3","No"
"0x5f50d21700333e15f7ffc3ae38c9b396f1b449e4","3","No"
"0x5f98e038235b0f40e0da56cd89b3f8078324ccee","3","No"
"0x5ff3ed19a7223446d2015efa8c94ddde9bff3c56","3","No"
"0x60aa29e78f8906c80bd8e746404348a025a95cfd","3","No"
"0x6189717673e1ed5da55080d0898c70f91d2784d0","3","No"
"0x619836e90a888e20519f10fbc8a9f55086c13a20","3","No"
"0x6206d5426af834886d1d424aaec7a1e03478e702","3","No"
"0x62fe78afe2581bffe29d119f743f9438177a98fb","3","No"
"0x638f8e3a5301be6e6f8fb0d251f620411c0c243d","3","No"
"0x64023da595c3ac58bc01a2dfb39803bdecc1493c","3","No"
"0x65a831d9fb2cc87a7956eb8e4720956f6bfc6eea","3","No"
"0x6627652c8f6232b53e64b9af93a4a8b6683a7fce","3","No"
"0x66e5761a2103d7d3537d6ac45570a0a9831c7f7a","3","No"
"0x67123c503ebd779d3a61dce56c07a7be89c993f8","3","No"
"0x67c3097a968db89610825976ec9a5976a966c044","3","No"
"0x680d8587781ddee9b77f6f1da76b03112490dfff","3","No"
"0x68663fb06b6e718e7026aa1c2ddbc4e97ccd6c5c","3","No"
"0x68ae44e5fe22551c7e1bbcc59ca4d94778f49c05","3","No"
"0x6937a767422c879a90ccb1765c0370431a87f70a","3","No"
"0x696a136ade074d9db7b28a78dd81ae9b633cc657","3","No"
"0x69be4b80090d3e642d1d3b30ba40c790369c0509","3","No"
"0x6a819e934d153b396e4b720da0864e8f0ff03505","3","No"
"0x6a9e8ceeb414e6bb7e0049f6218195166fe42c47","3","No"
"0x6ba6428302cd31a6714971f17e290fc24f06957d","3","No"
"0x6bf62dad62053eb6a02451bccf78e252c1388685","3","No"
"0x6bfe743458d717c19953be1f281bb95e53bc8d20","3","No"
"0x6d0c7c6c4ed61a3c599e9b8a37aa38aeb78cb259","3","No"
"0x6d794a869e23e406406e00b3bdd51f9974f8296d","3","No"
"0x6e437c80ae150eba3bab30feb76a09a5c4dc8181","3","No"
"0x6e6e7ecd39193fdfca1384fb063270c714591be7","3","No"
"0x6e723aac26d5c674e10096d708f7ff3edb18c56a","3","No"
"0x6e8021b99f0c16441d1e79d4b9a682718628d358","3","No"
"0x6f2f4a8b40b9ffb662aca076f050ca3723247ca0","3","No"
"0x6f69f79cea418024b9e0acfd18bd8de26f9bbe39","3","No"
"0x700affe5d2258e5d9118fb9c0234030a2ea3f442","3","No"
"0x7020f74bc01f9a26b97130522c7b0fed7f20ebeb","3","No"
"0x703204326fdffc83edc58a9b72dd0583156969f1","3","No"
"0x70502ef5d921463bb8dacb88c84ab265c2bb14fe","3","No"
"0x71a7a7aca2d9316f95eb91bebc6925f59f24212b","3","No"
"0x720fec086d1ee3378f5e724f3dcf1dfcd80f5ee2","3","No"
"0x72856e8b7224f0ffaf09142922a84dc939a5c133","3","No"
"0x7294f2ffeb8a2cdebf2d69791696dd6fb76d900e","3","No"
"0x72b050bcaa7632dcc899984a9d70d0a50c236021","3","No"
"0x72f711e517e8a7f67f6e44c1d5a19dbb31e96b53","3","No"
"0x73ef0e2dba5807c3130e50c950cb78c4e7f364f5","3","No"
"0x746a08bd311d8fd892442bc184215c5906978057","3","No"
"0x74712ac90e95652f1fe42635c7b63bba0723e538","3","No"
"0x749f49ee8e4ca2c8e277d977fc45ecdb0e044984","3","No"
"0x755611e1054ae245b5d46f7c1abe74dba60242d9","3","No"
"0x758d4ae7a29fe74b890d03cdf9a2bff689a9c28b","3","No"
"0x75c84c7b446cebbb3830e3d64a042599b884c83a","3","No"
"0x76a4de665247c0b4edf43d720c797d4702896c8f","3","No"
"0x776e0193b6809f982ff6cdb8982fd83993d141ae","3","No"
"0x777a083b510023f37417209b8f9d8e23fd4a3ba3","3","No"
"0x791b5c659c054154f06e024a380859cc075d680a","3","No"
"0x79fb29852d012e00ebab0e253400ddb189475ea2","3","No"
"0x7a6a9596af512a7e5b1ef331a70015cd3defa1f2","3","No"
"0x7ba39124a1e308c23e961f513db49622c606c495","3","No"
"0x7be8dbb062ffceeea525e963f033fe4fdf35e41e","3","No"
"0x7c1958ba95ab3170f6069dadf4de304b0c00000c","3","No"
"0x7c248fac63af706c0f94033c6a5172b1121f3335","3","No"
"0x7c7eedcc12f9170edffb681c0bf26efa23e7ec3c","3","No"
"0x7cd38060b542e09afa2df8c27e6766858af6b574","3","No"
"0x7cde8d54aad34c66ba372d900e7fbebea3802952","3","No"
"0x7d69eface8fa507db02ea2888984ddc878181cd1","3","No"
"0x7d6e16016acfd9b0336ff8d851b0aef24d2c7137","3","No"
"0x7db52e4eb0bba23d7634ebdf7b28599a025cbc79","3","No"
"0x7dccc79361b0227a85c2ff788ca240d31f2a78d0","3","No"
"0x7f0d4e8e4a5d3dacad286e96f537d405873b324c","3","No"
"0x7f448f0435803744bcda76afed4f17b0a6e0fb23","3","No"
"0x7f7f383d07fc29d633957c35a69b71524ce08979","3","No"
"0x7fb05c8a178cfdbb6a5a4d875b5bd3bcbe2b7f32","3","No"
"0x803de226d9cc88e2f60907cbb92e77dda2953033","3","No"
"0x81fc192f52c9087319df6c7713fee685d6772195","3","No"
"0x8279b7167c17d11fe60238248eef4aa9e750b2b6","3","No"
"0x8282e91d7a22d9b37a26c4f2ad4bcc690351bf3b","3","No"
"0x82c927ccbff32f4918347f74a3c2e5780d5e8f63","3","No"
"0x82f2386030f456a96f8caf520acfac1331a19ece","3","No"
"0x83e9650e7974d674ea67d2dadad6db7508c04f8e","3","No"
"0x84c96f23cf32ff79582368a397696acc689ec139","3","No"
"0x84e40a13b42b1a24f031459d48b45d90b46297a1","3","No"
"0x85a30ede5e46029457e20d55427ee8673fad7762","3","No"
"0x85cecd7b36e69607001fac5b0ceda82bbfa5106f","3","No"
"0x8605cf36085697fcda20be5488df08f407f73430","3","No"
"0x867438755b38b42b40928c72b4b92dea7b5dd007","3","No"
"0x87631b45877794f9cdd50a70c827403e3c36d072","3","No"
"0x878c01693314146ff677f979b7e6dd2de054437c","3","No"
"0x881aeac0e9424002ec5866ada5bfd6529eef254e","3","No"
"0x88feb594f3539eb3925b90e8e08ef147cbdabcd7","3","No"
"0x8909d009e9739e2153d2e4bf6ab63a1e6cb70090","3","No"
"0x89223ff444e59c99cfd257883b3e82b4eba6cfa6","3","No"
"0x897fdd214a853aae3de2a5d31ab44ed3bc16eb0f","3","No"
"0x8ae25a7b964c92a10303c45bd76bd8e441a428bf","3","No"
"0x8af167f798b2a9896872eb6ba11bbba6ffe6d9d0","3","No"
"0x8d07fccf762051dc1c738d1b7ef573edf1e62882","3","No"
"0x8d49f11b33f0662074cd4ebacb69c55041631ff8","3","No"
"0x8d9c2833f0fd6cd37c96b698c8d53241cf208e87","3","No"
"0x90196f3b0df5f6572c861cb7acc79baf8046a8ab","3","No"
"0x906da7b2ec9d637bd9af5adcbc3f6794fe8bea07","3","No"
"0x90ee4f34956585f67e2ed423e32936661116b2ba","3","No"
"0x90fd4033564ef7791d0039cd7cd754725c759249","3","No"
"0x930715929a28f977be9f150bd4181da727a43811","3","No"
"0x93242bb2b8f429a21c8d194ad88e7c4745e395a1","3","No"
"0x943a890568a76a7b7c904604200d1f2d6d1b4709","3","No"
"0x9447bb342ec6de70fee68b8cdbccf5dda35c2004","3","No"
"0x945ae4fb999baf5c3c8988941a1ca16ed68d31ef","3","No"
"0x94d36132722d772fe053ea13c57bbdbdf435c085","3","No"
"0x9571786ca88afb3c42f33668195f5795c7c3af0f","3","No"
"0x95be0afb27c2426d9457ceee22edab30650cdcb0","3","No"
"0x95d2aa758d6aebe34f3b78e51baa4df6cf6ba16a","3","No"
"0x95eaf995f5e095586214b1f5c0e3c3a2508d866d","3","No"
"0x95ff003ce11608dab851bf3d021c7c304689e7f2","3","No"
"0x9682e7c330fd4100cc3d56610bfac904fdf7f8e4","3","No"
"0x96f5472204364a8c0b2d19dec1f18217931f3455","3","No"
"0x97280268dba80f2d32683b7c0662f26eb27dd175","3","No"
"0x981db142b7e0edc9f6dba68e1f57c70af6fa31d6","3","No"
"0x9844dedc09b2f68899e8eebd68718bb2e1ce7fc8","3","No"
"0x98a0efc622cdc86b38484ce6a6729606d26e500e","3","No"
"0x992007e4e23949e54b13d34e4ae27eb406ce351e","3","No"
"0x9946a75c2a8632d53b20be3655d1d57d58cec83c","3","No"
"0x994cc164ddb6d6fdbda640d7998a593e78b0001f","3","No"
"0x996e2ab0e5736d1988205c1792fa3ee6defac6aa","3","No"
"0x99921a835ad60c52e1900c8276f1f367101df9f4","3","No"
"0x9bab0ab663e4668c5f11987187a25756020c18c6","3","No"
"0x9c2422c9f86c6dcba5bb6db7d84bbd0a1de6ea40","3","No"
"0x9d99223302e9505430cd67ebfc96a9e7aeb6141d","3","No"
"0x9e362fc4fc11b3e1b92d4f568314e30663e77030","3","No"
"0x9e74482affe86fc5d041d47707d4acf87b178d71","3","No"
"0x9f3a14c728810ba916aaf3dfea40d926d11f9329","3","No"
"0x9f48c03cc99f030af524ffd2b06f8e003a56965c","3","No"
"0xa007ccf234d7e5306615035bba0d32b0f5d25bde","3","No"
"0xa02504a0f162dbb922e56ce2c20a48cccdc940a9","3","No"
"0xa07a338596d5ac6e25ac857dbe0a83c2bf2e1aeb","3","No"
"0xa1c846d4a9753c6dd33329060e4102917e6a48bf","3","No"
"0xa2ad6ceffb4f3709305e795fa5a7eff98fcc5034","3","No"
"0xa3439fe8949d26a84d268640ad98a330858db716","3","No"
"0xa402d4137e317030f295c818e239502d85aa8742","3","No"
"0xa4675c307c24b8583d3c6f6e0fab8c1ddfaaed58","3","No"
"0xa4a4d61f63d909421679738f0262b52534dfc467","3","No"
"0xa5162fd7c98736463a703a0dcd2cbd0061b9c28f","3","No"
"0xa651ab767dfd8beec267abc3b4e7f29a3300fb6a","3","No"
"0xa7ea3b0f677262ea896b9040c258d2e7ff3ffc66","3","No"
"0xa7f1881cf4a67c302df48b1b97d0824f88c80b22","3","No"
"0xa8b2cb4c891003f1a7819be913a2eed2bd544cba","3","No"
"0xa9932f3aa0f25d1b496040af2bd6e7305fcc1ace","3","No"
"0xa9e2cb2cb0cfd650e0b91cb861eed2e8cbe0558c","3","No"
"0xa9ffa6b04565e9ef06271ae636cecf466d637201","3","No"
"0xaa5146397cffac091eb64b21b7950f332eccfd00","3","No"
"0xaa70b305ba15e2ea26c0c01717a4b11d56295c9a","3","No"
"0xaa71d534609d91edfbdce0811ffb6acc2efaab7d","3","No"
"0xac1b98ec78f3c55e15d1303432cb0e93b9ce4493","3","No"
"0xacc4acdfd02312fa5eb3da489c698ded4ee8ed0c","3","No"
"0xacc6819cebd735f52e046df8287d554e2222819d","3","No"
"0xad468e8336182e2cec7022f3434f91227c33a723","3","No"
"0xade336f3496452e5cb47a75649d14ca0823e7a11","3","No"
"0xae926010d9fced9d05c0575732c4b69d79a16fe5","3","No"
"0xaf1f3786fc53731d8c0c9a021229229e5abdd19f","3","No"
"0xaf77e6ce8fef4b096e909ebe6c475cb991c27675","3","No"
"0xaf7c2eda62767b3bd2611c6372c9f2fccd7e37a2","3","No"
"0xafb8eb4463da8996c00f77dd196346b9635e8b36","3","No"
"0xafcb264ea4526cdcd50636ff3c9b8bb25d5fdd0d","3","No"
"0xb0cec67bf19ca5e043c546096cf28197f20d7d79","3","No"
"0xb0ee3cf26cc794ad7d901e24bc653d33d1956e8c","3","No"
"0xb11dfebe7c4736fd16f86ea2c744792ffd1c4f24","3","No"
"0xb1f32d8e47fd4e57f236418cdd34a719f4124f93","3","No"
"0xb2aadf6bfc0a5213acb9c279394b46f50aea65a3","3","No"
"0xb3978afe1dc9389414b1d7f9aebedcebf175de9d","3","No"
"0xb3db8d23a98780002b10da5fb082e47b2d22e4f3","3","No"
"0xb47ec855db3f5566c41d9ff9ca53032b01ef0c73","3","No"
"0xb4b000628e8e9e4391df97052792f349ab9f593e","3","No"
"0xb56bbac906060fb362a20c56e6f72be7cdf1d1a8","3","No"
"0xb58ceb3969c267ab823435d7b5690ce02c9617e4","3","No"
"0xb5faa92271f3f4dfc7a83607603e19355a013527","3","No"
"0xb61e953af5edff6bd1a2bbfc4a59aabd745426ab","3","No"
"0xb656b46ae0f2771e0c9c859fe1d088e43654f650","3","No"
"0xb7794467d95d7dc14e73678c2627bb7ed0d01950","3","No"
"0xb7d0b64638a89ab3aace8ea54e27e616e539e259","3","No"
"0xb8ddc2423b1aab2c454c141fe7093fd3172c1cfb","3","No"
"0xb963fa652274e887e7ab9876f436e054dfb3c3cd","3","No"
"0xb980a6be882bb9222d75a02e5c5668362eaa6f3e","3","No"
"0xba0b03b7b0be541d3645f689b746f4f7bce93c38","3","No"
"0xba6632bcf1fb2357cb9d1730bb7cfb2b0f5f9d81","3","No"
"0xbb73c02cd7a3f8417ef31a40bbf7b517dedc13d1","3","No"
"0xbbb05780c51a00748355749dde119944662c6a9b","3","No"
"0xbcd1604d70b0474ba4463df252d2107db1729752","3","No"
"0xbcd2e843fe41da351cde58bceb40d69242b229db","3","No"
"0xbd0fbb7792fb74a75e5e5bd6cd1354d64326cef3","3","No"
"0xbd6933e93ae7304971d495f3dd8af5afea3b16e4","3","No"
"0xbdd3213e9e43da5f46aa0cf16655b3a3b3cf420e","3","No"
"0xbe69cf586b135d15fbb0dbee5d435f3984486e99","3","No"
"0xbe7e13326fc703a69fb96be9f1db74eb3fea9f74","3","No"
"0xbea53150ba97f4a0ed0aa50e0e8c97453cf8cd93","3","No"
"0xbeee095825f2866f1dd6db25bd850421ab16a493","3","No"
"0xbfcc73dc4b03f0febb5ce1d53e5e410a3ee8cfc1","3","No"
"0xbff8f5d6ab8ac905a4da437cceaa487ee025cba0","3","No"
"0xc008fce4b57d66d8e0770306b28b04ac45565cf0","3","No"
"0xc0ce1e8cca9d9376aeb8b4e40286d57554f46cfa","3","No"
"0xc0ee8c18f0709d9d651fe90d30d0392d443f2459","3","No"
"0xc0f302cb3d5471320ef4a611ee0bcc19292961ab","3","No"
"0xc19b901dce702d89bb0a531ca8791a831fd9dfb6","3","No"
"0xc263394b8f9b7d04593370734b6d291985b9bdd8","3","No"
"0xc28d30dd716a40b0c19215b732ce7be0e80a5098","3","No"
"0xc2e7c3a5675ee1308d56f5e4fd614007e0fcc63b","3","No"
"0xc3d8be0add2a9d6081b8b0bcc9d2b6f33157ac4d","3","No"
"0xc47000de7fb7be6a24027563d3aae32e6466423f","3","No"
"0xc4850210d6c133832d59ac17dca242c83ac1979c","3","No"
"0xc5915699ec0bbb6dfc41befcf97bcfcb9839a1e4","3","No"
"0xc59af5b5730fd0d7541af26d5e7f9dd13a514947","3","No"
"0xc70a1533ad01874fd10b65816005a7ede52bb905","3","No"
"0xc803f7d2278bce2fcb6acbbc7f94cf0862d21095","3","No"
"0xc864b0ab18b0ed0beab72f915bacb12971fdb73a","3","No"
"0xc8df599a079a81904624e90a014f47dcdad03760","3","No"
"0xc8fe395cbaf41c78d4465f29b6b44139a95a1b2a","3","No"
"0xc92c5942468ab60e7a6236dbe3a1e475d4becbd4","3","No"
"0xc92eaeff3f3eeb4347675d34625ba29c05c67bbb","3","No"
"0xc99f6742f3c675bad79e62b0c753088a1dd3089b","3","No"
"0xca38d006b38ee546f2d82e9dd902f54fc6db66b5","3","No"
"0xcaa438f12f088aca132745463ec31f871eb97ee9","3","No"
"0xcabdddc06fd6c32687784744a0a8fe305f9ee687","3","No"
"0xcbc26ec2e214498ce08b7765e10a074b0b69444c","3","No"
"0xcc1cb0fa339eb32e436dce1ba752bda72fc6edfe","3","No"
"0xcdeddda0e11a347a9a19611f6cc60d4299405d51","3","No"
"0xce6a2c65256fa931dd0f21018659239dd8a8e382","3","No"
"0xce8a49a882d93b3f07063487d1e2468ba02da9b5","3","No"
"0xcf3afbd85e5fe9519fda02ffdc72dc8112750fcb","3","No"
"0xcf9239ecacc6ac52026aeff98ffbf3179bade06a","3","No"
"0xd0530573b04e8c51ea9e3425158a1851beb60c29","3","No"
"0xd0fffef55f43cc03abc84f59d24cd1f50de21aef","3","No"
"0xd109c4cb3720266606da50019767a97b37be5144","3","No"
"0xd120542fcab56b31fb1200201e9f96bd7aa6821b","3","No"
"0xd163604d6b189aaebca5a07b52ec9ef8dc452be0","3","No"
"0xd310e1d9f348f86287f091bf9df1bb6eeb026bec","3","No"
"0xd36f756b8d10c4d0da7ed116459de1b2da09f3c9","3","No"
"0xd3dbdda24c37eb951142a42412fc401f6601cde2","3","No"
"0xd3e4ea3c8d936df7ec26361dbfe73a60a086e12a","3","No"
"0xd49a5f128318874de690ebf2c85623232008d964","3","No"
"0xd4f358d4a415b4abb6f6deb40b86d7db62562960","3","No"
"0xd51ce9be4a1cb6185b76ba825c59236a6cf5ca2a","3","No"
"0xd563a43e624a4f69bb82d3ff5e2768134a9c8c27","3","No"
"0xd5783461cefc388f13de31b89bca1c3553d5675b","3","No"
"0xd5835db0959569622681dcff1e72b0936170bd6b","3","No"
"0xd5a1f54aff17d90560cd3c5e78f8dea1837ea379","3","No"
"0xd5cb4ce53100100dc4e59366b8a807650898bbd5","3","No"
"0xd5d7f72941d5b918d4e50ca776c2c23ac7cd87be","3","No"
"0xd6377c67cb81d841447217f2305cd08e4fc82745","3","No"
"0xd7bf99a4e574fd3e30f5d808a2ec9ef9486e0e32","3","No"
"0xd7f6cf729d38a4fb7bb3ea0a7e833bd06d4a7581","3","No"
"0xd95ca3bab3b2f9b3a0fb9c065546f7bc4bd5de0b","3","No"
"0xda0f4e7fb58bc03ad73b8756e73d70328d1d392c","3","No"
"0xda8d95cdf11792975190f8b1d6e5431746c71926","3","No"
"0xdafd088030331ddd9565196c3b415222919d6144","3","No"
"0xdb4a050be2afa534da940267c3e95ddb17a6ec5e","3","No"
"0xdb9986bd0596b8a4873b09b4a10b81b13f2c9ddd","3","No"
"0xdbaf1731a4aef9dca38ca8276367732dbf7ea219","3","No"
"0xdc3f185290e1a77e1fef5cddbec873d0781156c1","3","No"
"0xdc40fc2915331297b52e47990fd033a1b42f16dc","3","No"
"0xdcdf90ba589c5ed9c06ed90f8b8c4c2d6d2a1999","3","No"
"0xdd27c842d415da1ea952524745b98251b00e0fb9","3","No"
"0xdecab2d09e3f90e5f0a2f1f8e8dc4c06efc30b6d","3","No"
"0xdf849f4b2db95c7346205479fe5744fde47fc2ff","3","No"
"0xdfdc8db288f783ffd749597e57a404c7a90c81a7","3","No"
"0xe0589cc2962e5db18703a8183fdfe66442fc2084","3","No"
"0xe066fa9ebf2dda797549e4a2e9b96a713544a839","3","No"
"0xe0fafc41107c3e075c6645f2a7fa750cadb2009d","3","No"
"0xe10772c3c2e8879b13d5d2886ef8e9f9b95b83aa","3","No"
"0xe22eb5fea7d68e3653f8947a2cd471ac7b333ae5","3","No"
"0xe2808fa3cf07fcb9305142e153a1ec0e653291f2","3","No"
"0xe3dbc254cdae5a77c96bcaada89ee6f19515eb9d","3","No"
"0xe3fc637af794eda27f66022938cda18786899d41","3","No"
"0xe40be32f37ab196652292fd1945ded0be8a840e7","3","No"
"0xe46347662bda8301bdc0fb4a2987a466ae30dfbb","3","No"
"0xe488fbac4a5c9b35325343a1c56723450e427d69","3","No"
"0xe4c8476226ad79c16f614a20712d348b77cf95ce","3","No"
"0xe51748456ea9759c19d232a32f96ba3c1c110776","3","No"
"0xe53f4d44c45dbc16a20ab64f8a8b4404ddbbefec","3","No"
"0xe54cf30a3f31f3076e9ab5bd122379545a137b4c","3","No"
"0xe6b4cd8d3f0de86836f74c9e6ea24325219f2347","3","No"
"0xe7a0997e5f6fce42ffb24a7558b90fce4646d083","3","No"
"0xe8c00218344f0e48ef3d41a0c5539e7ef04157a6","3","No"
"0xe8f97f3d5cc01b2d6f4196b632f32ecb4b757fb2","3","No"
"0xe93348b328f09bdd7ca877952aeecd0e533e5bb3","3","No"
"0xe9873814c821a97f5bfc7e504a162f51c20e8f56","3","No"
"0xea0bacc233a2b07d94fd0ba377f5dbee9e26057c","3","No"
"0xea69ca2ca84d22e3f53bfd3c6d4e9be18da6402f","3","No"
"0xea921f93b57da32ab7a9bbd652f7d5189b6262f4","3","No"
"0xead6605b9e105e28bd35e9f494131c10c1281ce9","3","No"
"0xeb0a85184f23d325593a5df0db3b82e823b52ff3","3","No"
"0xeb83e695adcac2e83f290d2d2815fc58e6491d7a","3","No"
"0xeb98c6ca1db3beac14f5d5d4e62a87694ce42f26","3","No"
"0xeba3d67a9fd4f903421df9012a72c20316c48475","3","No"
"0xec7dc591bedaf4c43cdd06ebd6b12b3f6b2e8ebf","3","No"
"0xed721dc63328be92a08b6b7d677e11100c945ea9","3","No"
"0xedf6f8efdf57fe7958059e37b521f22b95663f36","3","No"
"0xeee1105b3f17f59c105c73d0a8bbf5882bc68af5","3","No"
"0xef0570110fccdbbd3ad3c0093db23d14c19231ec","3","No"
"0xef8acdceee68227988cc980a7c9216c4f328c23d","3","No"
"0xf040aedf10948c1f69249226e22eb4856471a3aa","3","No"
"0xf0839c8a19ec22d046fe686322e564e9c82497cb","3","No"
"0xf13ccd4013da3dc7b2dfbb2397dc9f5db8c1a44d","3","No"
"0xf291d7bad4f553ff118bdee2edefbe378c3154f7","3","No"
"0xf2f7d1cb2b0acb0ea72a81431d3b87a453e0f398","3","No"
"0xf2fae450695c75291647f67ac3a4d3b5d168903d","3","No"
"0xf3247058b958a5d07d1ecadbdf31d2c457707dd3","3","No"
"0xf3bcd2e7cc95ac1c5824da5e372b9d6259dcf75c","3","No"
"0xf4f0d1e9f26eb5f50732387af417e5e690acded7","3","No"
"0xf5a93410e7e32bbf28a8eaafbd7f241cf0b290fb","3","No"
"0xf5c4ebfea2ef509bb25ace4cfbac8553533baf81","3","No"
"0xf6a1157c47711abacafacf54733f8d6611e11719","3","No"
"0xf6aaffda5a7584597117d0ce7a60fc0a49e099ba","3","No"
"0xf7671999862620f47b0463c978417774c3173410","3","No"
"0xf7a75a236e9adb14ab45195bf8435532468cc927","3","No"
"0xf9346c2cfd24541af4c54c8ef2e5aa6f3d4834c1","3","No"
"0xf9ba5a5ec068a347a021efd32977e49a2724feb0","3","No"
"0xfaf7e95e4c61e41705c03637c17cd08b43bff338","3","No"
"0xfb05238fa4b01f9b703685b620d6aaa9c306c7ca","3","No"
"0xfb7a5ca6f635a67b498c95f7e1259e4c62fca8f6","3","No"
"0xfb94d3404c1d3d9d6f08f79e58041d5ea95accfa","3","No"
"0xfbd45a8c5495058a4f4354fbca8eed4e632ab375","3","No"
"0xfdd9a3e4c07756c1dc31ba938fc062d45eab1668","3","No"
"0xfe27e4614ab42ee4cf94ccc3ec0a8cdc365a7a09","3","No"
"0xfede6f3b7d0c6ae1d312f34dd446889aac99ada2","3","No"
"0xff5cdf262af69795ca9f7864b1bf6102001e5a17","3","No"
"0xff67e1eec7981b329e0fbc85cddb1b5f0583df9c","3","No"
"0xff9ee049afa0389e6358a6a20548dcb0cf7a12a9","3","No"
"0x0343fd94b728d6c250072b39e0894b82fb0a5d57","2","No"
"0x034ae4509d1673064c15f8c9bf4dc3190f746ac1","2","No"
"0x042a19271d4fdb81cc543090536c6a28cdb7c924","2","No"
"0x064568b59951177f47210e3d30cc200646c0e302","2","No"
"0x0680fd9bda0044031053d03aa89429a4578bbe18","2","No"
"0x0794b241caa593413cb515d85380bbb7a1a60a63","2","No"
"0x082cb5f56f2d428bab57612409833cc17949ef5f","2","No"
"0x089ad55045fe72f1f77eaac7e166de9e277600a5","2","No"
"0x0a46850ee23f5dbdf3ccc87ec47ae1dea4de9967","2","No"
"0x0c0015639921fa4f2ccab5338539a6ca8f5abbc6","2","No"
"0x0d4c74c2c80c7d1af1b0f7488d09dab8ca82d1e1","2","No"
"0x0d5b35c3e08b800f0b33c7150850e9a9f821852d","2","No"
"0x13ac4da1d3131630cc51ee8b858e7294f400a212","2","No"
"0x15e33839a35482698c83847081a189e4c59dafc2","2","No"
"0x161f0d1e5b2df4ee990432cd6d29b9e7ac6136b7","2","No"
"0x1740cacb45f6911973997bc4b8c74d551809a798","2","No"
"0x17e848f573aa805e6f5cd323947b7954ce0867a1","2","No"
"0x1c1ee5f1bea28a3e42ada8f9dfbacecbd22d0c8b","2","No"
"0x1dd318128cc21baa2ac3a2be55a5938c8e499bf2","2","No"
"0x1f7da94f8ffb08ef04809e588a060224c4137877","2","No"
"0x1fbe7b6152843f072daaec35db10c28bec8a6dcc","2","No"
"0x209396378f7b19dc7b475b0dc4f4d276d6998959","2","No"
"0x22a1789dd5ee19151356a05cd715d73081d833f8","2","No"
"0x2399104b3918693200d211dfd6cb0a4f69b90122","2","No"
"0x244980d84e077765f167cd0d64c5c74645c3824f","2","No"
"0x287ba556041ea72e3fb89e328709bb991b2cb8a2","2","No"
"0x29911e29ff991e9e221009e67e0f96da247887fc","2","No"
"0x2c1878cc53215ae5a5a25bdd9b3ba254e6210beb","2","No"
"0x2c31159f1497aed2cf9c028e55416f3050db1dff","2","No"
"0x2c3474bfe64cd9748be69d24c30cc91639265e68","2","No"
"0x2ed4da5adb9085e24883e6ef266e2517c7115f4e","2","No"
"0x30df286e94b101605f9c96c71d96d7eb2a118ca7","2","No"
"0x316b97c21bc987d9b3642d6077c3efec6d30fd23","2","No"
"0x322b3bedb20669f452eeb61b47a5e507909f349f","2","No"
"0x34f92bf9290726955332b7e0730946813ac9d3fa","2","No"
"0x36ae1abf523f6dc927ffc721d4a27199c3a4c36f","2","No"
"0x3992d75551403111c918ee4304c7a80527a6dd89","2","No"
"0x39c979d68fd82c1eac7c22c09b6bac76c41ac493","2","No"
"0x3a07c5b75030965071553fe29dc74c5140443b20","2","No"
"0x3aef0e40eeea536e460299549b45a97b20c643ef","2","No"
"0x3bbba23a0801bde7e4a9ae2670a2708b71e8bf94","2","No"
"0x3be2f713aee93120d8f4e68f471f3051d43b9755","2","No"
"0x3d7fa056685d3c5f12f96fe51d65ca28cf695d58","2","No"
"0x41d0416123238d1eb8b382c571b30decc0ab1872","2","No"
"0x424f07974dcdf287b5505fe156b540168fa984a2","2","No"
"0x42fe01a213a6588d7958e3bfda09a08b58cbbbd2","2","No"
"0x436f6317c416d47fcadc405abfbff8f9ce934161","2","No"
"0x45910f3557750ea613d53238f25d52d566d18522","2","No"
"0x460f8fac140b7d48e94db09d45988bd2a85b6411","2","No"
"0x465562dac3f20c3266c1367c98ac45c0e17f95c5","2","No"
"0x46803d1f64700838ca2b5460c0baa7a9f90d2297","2","No"
"0x46de1f4ace0d9d45c026e6fd2f70c51e6b74ad03","2","No"
"0x46f5e620c326ee0275dbdfbdb98320dc0e816c1d","2","No"
"0x509b0e066f3f116ed498fea800fe5cefc0f100be","2","No"
"0x50b3a5b10a6db77f5db778cc50e092972b9bb1b2","2","No"
"0x539cf6a3953c14d3dc3ad39930955a72b22a204a","2","No"
"0x5496c2294a71036a0239c1a67f36469b265d6d3b","2","No"
"0x55157ce961289be90889ebcd7a0494b438a1ff6d","2","No"
"0x5580b4cbf2decc611e35f1e01f0335a6a3e18db1","2","No"
"0x55cc8fbef7d5059eb71b210329579979a0b3d6e3","2","No"
"0x56a63f96bebecec070333dd21974250e5251e9a7","2","No"
"0x570a8477e1a8e3903bd9fb0288499bdd62288efa","2","No"
"0x57897b44a9e41349072f8639a3996c3dbbef5c41","2","No"
"0x57dea880ed45a0e20fba0b6cb43de93fd9f26b15","2","No"
"0x587d714453eccd6f49818da4c17121c092506cce","2","No"
"0x58f1e953d2d81f19a1b8ee83829bcadda2ef043e","2","No"
"0x59a9bb69dd15f8e932fbd1982389f62cfefb68f4","2","No"
"0x5ac6f1ca80a96395fb1d41f4f9e4c3197039f0bb","2","No"
"0x5b819fbec785ca28e94f347a58b2bb1dfecb6745","2","No"
"0x5bca4075dfc8065235cf75c6b15b410e62845fec","2","No"
"0x5c67d3eaff30b15dab781f9ab07b0e9df925ba01","2","No"
"0x5c9ce53738967e4d422f0f6914d5be496f9edd2b","2","No"
"0x5e905bfa84b9651d7ab807ef640f30f0b10c1339","2","No"
"0x5eb27c71969c678d21585c8a2f37d4df1ad9b6e7","2","No"
"0x5f7864940302e32399099a308555fac2ffbe496c","2","No"
"0x60d7bf75d84d4322e7f73daf019e54be73db8d4c","2","No"
"0x61142293af80c6c6a2cad92bce7b0930c7aea47c","2","No"
"0x62c4d02debac74061981b28e00a2b6682c16f328","2","No"
"0x66362794374004352b1e21a4e309229c17d436b3","2","No"
"0x664fe2accb8096bd612639eb1e05a81121a9ea9a","2","No"
"0x68f516cd11a1f8e49ec826fd5ab9d64114d2d31e","2","No"
"0x69d0205af0a34609db87e4693c16428b773c5b47","2","No"
"0x6d7e93dc6d159bdac80955ba90b40adbf3af2bc7","2","No"
"0x6e73ca7019de719b6625ac5dbbb6e1d3e523d2c9","2","No"
"0x6ee25671aa43c7e9153d19a1a839ccbbbe65d1ec","2","No"
"0x707849697dfaa94089cdfce0eb9c7e1e376141c8","2","No"
"0x70e92ef02e31d93fb7ae0be7a03d09922fa704ca","2","No"
"0x7132f37e94e8752ed37f3239597e3d927ccc2d83","2","No"
"0x714edc094d019c934f279057569779720ceb7816","2","No"
"0x731ac08fd3062426c06981603e9444989d31b5d6","2","No"
"0x74bb4995d5f1302b55b14bf6c1df9eb39e3f57ce","2","No"
"0x75775181080b3684cc3be770ba070d1ecc1ec50d","2","No"
"0x7630579d1ab03e227103e3e2ef71cb4dbc6e0801","2","No"
"0x7649e7dfde9a8465178f0438cd8a60dc27d4d4f5","2","No"
"0x78019d088411ebdd41c7a94dbb027cf001ce0561","2","No"
"0x79a01fb5e7818ad33f74390fc773701d5d40d9e4","2","No"
"0x7ad27112188c6cb16d8920b101454565e5ab4df1","2","No"
"0x7b38f14a5076f2a996a926fe7d041305f2280c86","2","No"
"0x7d7ca27a075506773b5ee00e087f3d8c36e7e873","2","No"
"0x7e050db9098ce0e4659f0f30bf5c3d8566fd8ac4","2","No"
"0x808e3de77975b9b050d4a7dcbfce909e20fcf4b5","2","No"
"0x868cd5ddc9e36eaa342a3a4131821eec4936a3e0","2","No"
"0x8735e659ba34fc2bbbc157c209b2269ee32cac45","2","No"
"0x87415604e043d6f688eb0e9d8e6b41809d3b8a61","2","No"
"0x881475210e75b814d5b711090a064942b6f30605","2","No"
"0x89de109769499d94897b50ed12db34052675519e","2","No"
"0x8a1125db77317d2e7b429ec40b1d74350611c0cc","2","No"
"0x8a60f0c95b6d72ccfa5dfc3337b33392c6414714","2","No"
"0x8bb59a952c3e9369f3cee04b62c1340e0938db7a","2","No"
"0x8d87b6150253045bf48fabc081ed25446dc89d9c","2","No"
"0x8db3e15aa54ced08bd38bf7b129008b81124d248","2","No"
"0x8f2ed3172e9c7f352a647f542541134755564e9d","2","No"
"0x8fe121d7c4a3f7cfacd527a6efd9d106e06825bd","2","No"
"0x8fee9d8bb738cead33ec53b6fc48e27ae3f245ba","2","No"
"0x929ba70d5becf4a9c292fa28811122fb2cb51aa5","2","No"
"0x97cd5d72037fd93d14903b389259e997bdf55449","2","No"
"0x99e4dcd4f321a9292f42c78be9ac3c5736fd61ce","2","No"
"0x9a3acb42d506767f7d83c3b6f2ead417adc1cdaf","2","No"
"0x9b84e5abc7694546170fd96b002ecf456911ae65","2","No"
"0x9bfe9416541e34a0064912b05a67a876b118d859","2","No"
"0x9d003d4ea17b01542128f8aa4df8dbfb9afa764d","2","No"
"0x9e689a246749fd4da947bb3af886b120d8820a51","2","No"
"0xa5e2bb97de3c62ca06f1a2293eb7e01c114e9a49","2","No"
"0xa82eb835e341d305a52449691f79aad597ab6bb2","2","No"
"0xa8b15be830ed58fd9d9d8a275a8a070e9eea9cd7","2","No"
"0xacb32ac0bcb320f15eeba00d1bf8f36b06414b26","2","No"
"0xae21b4878b6fafd6915922325d9eda826f14b3fa","2","No"
"0xb14be0a9f67ef3e8bbf44cfc516ad17d186b3aa2","2","No"
"0xb229ecf127fa0b6819b0369a616aaefaf6c1c314","2","No"
"0xb2603a5578bb638edefd9769cdf000063824aaf3","2","No"
"0xb2c2a17df5fabed1b4ca9d6b0d19d7af51bdb58e","2","No"
"0xb2d56e9bc10640afef23d65b3d4956f50a8f382f","2","No"
"0xb2f9b85b8ad7e2ba37c076501b03b842c1409878","2","No"
"0xb32d72c1afd5f8dbc70a243f648838ba296cd886","2","No"
"0xb37287e045646fb6a40fc7424cbb48e9feccaa64","2","No"
"0xb5ecff4a5dfc9dceed865c84431e132a16f6704a","2","No"
"0xb60ef81e95cf9d6c7b748db502f0084898ecf4a4","2","No"
"0xb9fa078a43da2664c8499c5d2073f2526f96f106","2","No"
"0xbc7e1d9a2ce82a95344622128321b34a1c06e8f4","2","No"
"0xbce60112d8786066a0dd2d6ad9b1cc2027d939d4","2","No"
"0xbe7abd65fcd8617f8620c03c11ac4232d026d3e5","2","No"
"0xbe9884a170999f62a24a9356d4e68acbe96b38a9","2","No"
"0xbf28dfeba9bcf5e1c73a30c308e1dc14077c1e70","2","No"
"0xc1d0ebe2f119ae7a532e86df27b56ac8b7045265","2","No"
"0xc2f34267e19a8391a8ea0fe8ec802bfc2fe4c467","2","No"
"0xc34c302cdd1540533c1158fc64e659e58e1ed2e6","2","No"
"0xc646f585368bb1472564374b54c6f921d4450e1e","2","No"
"0xc8803d21a704bfebdbc394bd16501a4b36ad3a2d","2","No"
"0xc884eb27ea6e221e5d208230167d3f910eacece8","2","No"
"0xc96f51d286492aad6ad44f6786a38ca739f3d68c","2","No"
"0xcaee94163b052e1cb9bf248852c8e263f9a6e1be","2","No"
"0xcd5cf1d8387ab733e6f4dd824f19f0378ec28004","2","No"
"0xcf82579cab223cc1e467c17e371f8027c1767667","2","No"
"0xd0ff6bec1313296aef08ac356cd1d32345bfbd6d","2","No"
"0xd3e44fd29cc3bbee78471275abc56e9948f6482c","2","No"
"0xd6b9ce998d6158645a191fcd17dc5788c6cd21bf","2","No"
"0xdb61e4d75ba9f2a68e7804f6819c5b5b6bae9b90","2","No"
"0xdca81e5c4140cdecbe76beb78a22352ac6462ede","2","No"
"0xdd77f9f5fdf4ccafc273f154dd049832628bee14","2","No"
"0xde07867bbdcbb0ffc65e185686e9f1214aedde25","2","No"
"0xde778c034e96ccfcd0fcf5a5bebf1f71dae07aac","2","No"
"0xdf7380f4454131341989cf04eb7954bdb8526cb7","2","No"
"0xe001891949372e1aa33c50c7ea19568be32ecde7","2","No"
"0xe01be78845f53aa5bb8425ae11de8aab6a8c68a7","2","No"
"0xe05761a6a5f465d8d3c75bd4548998dee142b068","2","No"
"0xe05a866b72aa7ec31ca1d3ed5dc2cbd13cf4d95c","2","No"
"0xe2f2abb2199a93ab3ffa034567ca43eae6d4f111","2","No"
"0xe57715a8a81c1dd4055b1f38b67a8996bde99072","2","No"
"0xe6354edb3d71a675210eaf9e007f37b82a04ddf6","2","No"
"0xe98dc73a84054fb58adfa4824b54e148087ecc02","2","No"
"0xeb3dba57e0023d91387eb235ada25f082e9ec9a2","2","No"
"0xebc7d9bc16bbade4887c3df3b8882c723baf161c","2","No"
"0xecb2c6d629933be4b3e24c5c8cfb7c2a7ba6cc9f","2","No"
"0xece1a454377709280020e535e984ad0a37679230","2","No"
"0xecf3166c40317d399d20238d0833d5f745caecca","2","No"
"0xee053366cb0dfb92840c5c11d623fade27ae1b89","2","No"
"0xf01494ad7ed511c418dd133f52c12881dfdec4de","2","No"
"0xf24005d455f7333aa6cff5c10ff735b0d5ba2e5b","2","No"
"0xf2c1d994e90d542de587ab91731cae80b393cd9b","2","No"
"0xf2eaaed0bf9257c1cc80f4ed549a0164f65eb838","2","No"
"0xf2f299da78e975c5f1f5b75d8473b8aa1bcfb621","2","No"
"0xf6d47763f157f42e8bd711a3b41510267eaf4ba1","2","No"
"0xf83e1c0fbd0615913dc12be6bc2ad7b13cf0a055","2","No"
"0xf92f571fd4ed497f672d4f37f46ee02eb13b63c8","2","No"
"0xf9d96dc76379c3dd5a514be4a48d394066486266","2","No"
"0xfa4dc543531b5b176ebd03209d4b18b575f76a52","2","No"
"0xfb0da17565452e4302089bcc96f7c0afcf3cfd47","2","No"
"0xff91128081043dceb6c0bd3f752fa447fbaa9335","2","No"
"0x005d4b2c7ccec5e0d9ea22883e7d676351925191","1","No"
"0x0081b6505c538ea47625f32933050c225ae59a3d","1","No"
"0x030e0ec268da034cef1eddda7bd040b5b38e9d16","1","No"
"0x04035b58a344872da2fdc3ab13efcf1ba972c199","1","No"
"0x046bbe099cfa0b6cc71d59d6e4cd38c5d0eef71b","1","No"
"0x049582101836fa4db0ad7c00331d95f512223bb9","1","No"
"0x053b8ebe5c8aee5ca41fdb86de4849d5be6e3c77","1","No"
"0x061b8335e1d2042975c4ed849943334bd07fb504","1","No"
"0x069803b96637771cfc826549dac30ad5cb019517","1","No"
"0x06c40ae51d2d375cf61746a083df4818dbfd1ec3","1","No"
"0x06f5e5f48240ad36676f914367c2cfd48b71458a","1","No"
"0x0851ced43aab7bc38b0fa4fbc4e3849634d2ca67","1","No"
"0x090c984cc693b991d7cbaeddb43cb75f13fe5f2c","1","No"
"0x097aaf3d132424bb4362b2c6f3e376864c5a9d47","1","No"
"0x0a7c79e15737d5c307ad5ba0021433cb1142c97c","1","No"
"0x0a7d37da91a4f1eb5b39c439a6dabf4369f8cc42","1","No"
"0x0b63ecda6d0489d043b11671ed11ba704a8f3d36","1","No"
"0x0bf4163fd2ec019a2d0229fb6182aaf184a0037e","1","No"
"0x0d1e3e923e869327ec8e671d36571a8f39f28b06","1","No"
"0x0df5a11f8c96f7d2c7b2e98aae29b58c09f68a99","1","No"
"0x0ec3cf75fb5aad8ec6b26b778b561abf438b2648","1","No"
"0x116e0d90452a35044b0650e0463a6db8ebaef911","1","No"
"0x11b896c5c1b1bb73c52286e50501e3e429735fcb","1","No"
"0x12f0022df0353ca4b59165419573c1b761f6b5fc","1","No"
"0x13449f27dc7a383d0c85a9cbe3dafa99e6347c8d","1","No"
"0x13eee41d67b8d99e11174161d72cf8ccd194458c","1","No"
"0x13f51805cd4327165e810f4c891690e804384608","1","No"
"0x14d4ac03b624392029f1bd546fe0e5dfd062210f","1","No"
"0x154d748868f345f5dfc88036f0244a9f17190dd1","1","No"
"0x15946372beb27ababd2db31660ec97f33d317bca","1","No"
"0x16cc940f4800b14bf6a5deb8bfd45858e1260bf9","1","No"
"0x16ce6c6662510faf7c34bb1406fd8c20641db9e3","1","No"
"0x173fcabb86fab05c8ff128dff94c75c3554f490b","1","No"
"0x175178c3b9c6148f2ec14acbbff6a18e2375ea09","1","No"
"0x17e566d94b9e9471eaaa1fd48fed92666fe0e6c0","1","No"
"0x186694f05b4fe182573f1137dca907108553b0ef","1","No"
"0x186ddd6a828a4914991270904483d3cdb142196e","1","No"
"0x19c85844deadb1d919da5dd1477b843bc5463c7f","1","No"
"0x1a2be848d7958570966cc20b1c521d8945cda8c1","1","No"
"0x1aa1381c01cad97312b03e7085c4ab6c36861994","1","No"
"0x1ab11f2eea65c48b614658f3cccb5c6a7f7a1059","1","No"
"0x1d1775dc2b65499eb3939dd2f0ea746d0c24db30","1","No"
"0x1d5f46e9a131a8b429f8c505b2381a24367a6e67","1","No"
"0x1d935f516d5008ff3153ab789258bf5d8cf604f5","1","No"
"0x1e00abbc76a497bd68bab82958379af6d0e5b4f4","1","No"
"0x20dcfc36c572c95323423c691c6c7c0e2cd9bb95","1","No"
"0x2190d4ee2bfc8883c3d71f4b5f41acd7a7287ff5","1","No"
"0x21b9aa9581fc77b76ac6f6b696c302506ddd073a","1","No"
"0x22a7a355c5c875f61ad38e0bcedc3761fcab9392","1","No"
"0x2361da2935d06a4c2eab10726e1be5819cb5d3b3","1","No"
"0x25848358eb1b978f23ff4029da49e6c096e93827","1","No"
"0x25d61994536be3c6660e6954c1d2d7a9cd28a1b7","1","No"
"0x26814ae9703e0ec3068fabe32ddf93a83cb3a322","1","No"
"0x2888d55faf4cb487863e8b25950a5c4a85ccbcff","1","No"
"0x28c3bfe0cfe3f10cf0135da5de9896571ef5dda5","1","No"
"0x2911f5a1fffc298673b6c853f93732aca60ff98a","1","No"
"0x298ff8cf9628952166e72070c0a6dad962e98495","1","No"
"0x2ba756c4af6b408fec4933bffdd3542d39093263","1","No"
"0x2c1503e5d2f8e060d8ecbfb5db8a2b963a97e404","1","No"
"0x2c79ac9f76c3310b59d4c5e3fd214a73aec68553","1","No"
"0x2d79ed977b30ebfee002c948444dd0f98a5d7bb9","1","No"
"0x2f2699e359500f5de8ace81567a165dba99a2be2","1","No"
"0x2f3c0883aafa76e1011ee8c5a45579f82d958a9d","1","No"
"0x3055d970653a2d1785a989d2699ea50c0c96f159","1","No"
"0x30e8a3bb3e8d26d05457cc2cb7c93448a2cee2c0","1","No"
"0x31249c9ad60b319eaa6fda00a84327ffbb74ac72","1","No"
"0x3326aa7595dfeb4aa163391ef49fd8e7dad771dd","1","No"
"0x3330777cc5270db65e7df1d738e989dc16dd49f2","1","No"
"0x3366d3f2a14d3049fe040474c40734eb4411dd83","1","No"
"0x33a34e27a81436ba9d79276406a285e89a8bd8a8","1","No"
"0x35273851acbd29ec6e83a3660e312f525a6b5e9a","1","No"
"0x357ecedbd6c95a4386c0adda06182455fe7d85c6","1","No"
"0x38016c4dadd92c0c74b5ece7a9b4ab859777b81a","1","No"
"0x3810e63abdf61cc83f676000118a877ec1ba58d0","1","No"
"0x3ae3b9372f39990c556ee348424745095fa02814","1","No"
"0x3c4e4388077a014ff3506154bb9a9917d1d784d1","1","No"
"0x3c910373f9b17a48152a4e77849f8b0086d53d50","1","No"
"0x3d7f2165d3d54eaf9f6af52fd8d91669d4e02ebc","1","No"
"0x40322dcf2400eab8788e5c46017e797cc3e6cb1e","1","No"
"0x4066fd1b55c928539df407fa9751d0772cb57b13","1","No"
"0x40856a03763c6b3af31fcfa112f5e671814f9a12","1","No"
"0x420268fabb31c7975f434422bc28886bfaf3755f","1","No"
"0x4417c8f159acd06a49a6eeefd56c1bc507d4409a","1","No"
"0x44be54a28d6808b84ba0c10873c6f68c67e94f83","1","No"
"0x44e3eb19a03383db6328a6fed2e24430b30d24ad","1","No"
"0x468b98b17c278909975a1a211ee039d4a6614520","1","No"
"0x46b813e4aa832c18ab758e100febb28fc4d6f288","1","No"
"0x46dadc4ff44d257a2adac4a0a0beb82538432535","1","No"
"0x4881767a1257e6083ecae2eda8967c6b9317f390","1","No"
"0x4903796ee31856c05afecc84913de84871e633ec","1","No"
"0x49fbb9f90e78dd1c0569816e1eeeaf2c28414ed7","1","No"
"0x4af6e02c0693439081e72e791844839b7081c2bf","1","No"
"0x4b3b0a6c0bacb088b6b0b0ba31bab77282068117","1","No"
"0x4b8e65cb88a840149dd173e8f0702cb07d8e3401","1","No"
"0x4c2206dd9a8ec57e65403731d5049d43373328b0","1","No"
"0x4cc49731936aa84971c63ebf7d8d528b59865972","1","No"
"0x4e75bf9d8926918cde7c2c1d172afc654150b60c","1","No"
"0x4e79b02b65861e909d7f9b8f3cdb98838886faa3","1","No"
"0x50593a62f75ff1d5435418cad361bb52c706cf3f","1","No"
"0x554c8665710bd51b777892493684b49baed0c952","1","No"
"0x55c8ddb3f486d9f434da6bc24bc756d8d81b2a7b","1","No"
"0x5684dfb90d3839c8fe6b852d19c653bca145274d","1","No"
"0x58459c490c1ce49890a8e1f6f7085d68420a2513","1","No"
"0x59f7d3f9f4d0553ebd4a99448b56da9dafdeb224","1","No"
"0x5a8116f07937394e6ac2a51995ab6a054c08bf9e","1","No"
"0x5b28a32aa9f4a287af55f3e5a408523a0c21f8f1","1","No"
"0x5b5facb8984b96451ad41b386b5ff6002be9dc31","1","No"
"0x5bd4cbfa010b14cf851e6be63e5738524201e57f","1","No"
"0x5cfa579a2a7f4483f12f8914fa2eea7ac915634e","1","No"
"0x5d894392fcec9068c9a8532126942440621dbe9f","1","No"
"0x5d939fdd31ab97a08d618c1390e0f337e314d6ff","1","No"
"0x5df8a4c5f8724b0b25ec604b816a37383be39150","1","No"
"0x5ea4c88164060d3e46251d6d57b521d8eb1d2495","1","No"
"0x5fbfc085a0fe6b61d62d8504bf0f909a09e53eb3","1","No"
"0x5fd22779c58f667cde1e9600576529984495604a","1","No"
"0x605fd2d55860e0b156d0d07926d7751e1f89e86c","1","No"
"0x60612025fdaef4ed17db1f7b2d09a6949271fee2","1","No"
"0x60cb10f1fe6e389e502341ab796e66bf1bf8e268","1","No"
"0x61138c73f8eb01ad088ca93d84b289f5ee4b0120","1","No"
"0x61ec9e277c742e4f636d2d5b26f13325d3b3748d","1","No"
"0x621c497690739472855744eb0124dffca419db5c","1","No"
"0x6235ccfc81e66f4f115354ed177ee02b8deed8ca","1","No"
"0x63e9bdf3ebcc77afb21a7c5b0832d80a6bad716c","1","No"
"0x642e89ed91e407d4029e3dddd8b6c49849f4e96c","1","No"
"0x6441f6bc425c3c0ee0025273c9e177e7960932d8","1","No"
"0x648edcb7d2823b981693d6badeadd586a198b91d","1","No"
"0x657717554e8d447c34b3aaf3008d263f6485b4c5","1","No"
"0x66b1ce54ad5b9e5005807996630ceef2cfdf2f14","1","No"
"0x66d3a36548988e781ace1702ffe6e5af7b21e1c0","1","No"
"0x66dfbd2dcc8f9836606ac941146c9c133b38a930","1","No"
"0x683647519191f23cf5573ea0e52f46499de419f6","1","No"
"0x68ab4fcd1c49df335983dfa09be86a71792e5df4","1","No"
"0x69459ba40bb3b8cff9b0a1daa54ba5571c4dcef1","1","No"
"0x6a6fe07478f79967e0bc4f05b255383096691113","1","No"
"0x6ae61f9d7c3fd9938c6290e1cbf39c017662e488","1","No"
"0x6ba69f60f3ba8191adce6a031ac83e59f05d1637","1","No"
"0x6cd5305c1be12533eb4dfce3179407ddf0d74b6e","1","No"
"0x6d1c49d33b00c4dc68a87a3090714cbdafb8b486","1","No"
"0x6d479db4b67e21f5dbb12752544e81fa754c0801","1","No"
"0x6dcf392147bed5378c0dbc9b66c67692052dd941","1","No"
"0x6dda13801df11efab5419703a7d1ebecbad251dc","1","No"
"0x6e3a7ce3eeb814ad53ae6d11911894f225928cdd","1","No"
"0x6e5e9d21b4f59df46b3b0ad486d9bc3dfb926076","1","No"
"0x6e878dadd06c66aee353c5a8611f824f52afb791","1","No"
"0x6fb2574ffa05bff828c32515ba5f4a0cb9894c9b","1","No"
"0x725a70b1847d1bf3fbb7dcaf43880a9343f308be","1","No"
"0x72daf6f5eb747871400d58a98e40f7f4d1e6fbaf","1","No"
"0x73b71197267e29b3297e398dc87f2f7107266ea9","1","No"
"0x742e5a95437a823e391de4facde796975d2e2c2e","1","No"
"0x7478f3eb9a84e584a1fea7862e246bc7c6f07590","1","No"
"0x75256a46e98eb0f9c4eefc197eb3dd88d559a771","1","No"
"0x7624f1fdbfb3ec920f7ef623c48e061dcc07f414","1","No"
"0x76bb3981488f60baa8344345cf626c98cc73bf0a","1","No"
"0x7707b5c553f25f96754c7dd036bc656b0c395837","1","No"
"0x77430c97acdc9212102be1ac078f1ebdf6b8f073","1","No"
"0x77b7e617c9a65c52a40f4cbd6a94973a68e1d1d3","1","No"
"0x77d2e19a9cd5ac308246930e5b2dcc76fad6e594","1","No"
"0x79902ca099f1778be4b67eaafb8acfe163d29659","1","No"
"0x7a55474a6cdbb2b808a2387ec9807ac7317b48fe","1","No"
"0x7bbe7f4d50ae674dc61ea5e0610fb3b980c6ef05","1","No"
"0x7ceda0d10621e382096e4750b3e1cb2c27f387bc","1","No"
"0x7dd25a7d5beac9e3477ca3b58399fa7c185eab6a","1","No"
"0x7de871f520228b7a9b9fe2c718766f07a261c56c","1","No"
"0x7e82553af736e6d994083f4f04bee319c5293532","1","No"
"0x7f38006ba6b949f837ab0835af16fc9934f6860c","1","No"
"0x7f9625f524950f7ea1d9db9ad50675691449650d","1","No"
"0x7fe66cbff87baae1f79a38a7e8744060c0bcc06c","1","No"
"0x819994823d7f6b6f4cf4edee6a62e7592715ed75","1","No"
"0x824fcf408c145f28d5fab58e74c5e326d09aaad7","1","No"
"0x82eee8e0fb8585b1b5e95639536b46aa213991a4","1","No"
"0x83a6338c71f54722fbde71ce73ede394fd7ce9ef","1","No"
"0x83d820d2a7c35092b9518ace0b8310ebbff7a384","1","No"
"0x84327cb726d0b63c7c46a713e16ad7b736439efc","1","No"
"0x8482b8e87db5b6428c2d5db99b776908df67b69e","1","No"
"0x8532e9d4141012b411bef8bb88818b7998ff939d","1","No"
"0x85bd1f441bff11ad223eb143c9df0fbd8d7c2ca8","1","No"
"0x875484a131440548183f06838ada69bf7de2d380","1","No"
"0x88d9eae5a9402a948214d8a031a4f6fcb6a6f6bd","1","No"
"0x88dbdcfcded4293cb6e82dc738610e2c5d3c5d25","1","No"
"0x8924ac1196e2ae89603925b6e001dd14e3f7fdff","1","No"
"0x8954c3e1464417d3e8b51023764d45d78351dc7a","1","No"
"0x8976a268ec70cf8549bc93c10e297ac8e16ad102","1","No"
"0x89a5d5d2236fbc3dce4d467aa350fba30f63ae3a","1","No"
"0x89abf0b626ce2c520d661691fc95aadf9179a3ec","1","No"
"0x8b68d60a18279d87082d26df3c94e8c554a6c55e","1","No"
"0x8cbcc1f43789bc5adce858151e3519e9c0df03ea","1","No"
"0x8eb2dc07be573675a3cecfb94b10a428742e7647","1","No"
"0x8f272438ced1e081f6263fc5d3c79fef49714efd","1","No"
"0x904353da77ee8d100c03665b945059f96ccd7f53","1","No"
"0x907dce83b6262ea3f09865afbf47a9bb5fae83d7","1","No"
"0x90b4ed6e2c4c461a282fd767c5a53c1952a25792","1","No"
"0x91377fae286e31aa56f8c64995c6d1dd0457450f","1","No"
"0x91975cf68513da440ea6f8e6157c53326c89cadf","1","No"
"0x9269ed73ad700fed0e0032b8f8457424859ceeaf","1","No"
"0x92e7ce6b028a00520dd942c324ef0f0cdfd724f2","1","No"
"0x92fdce62f0c8e5cbf1348d5604d95e1bb94a4c3e","1","No"
"0x93248a7c421c6cf223b169bd34b9e1372f0221ae","1","No"
"0x9375c612f619018caad4c0675d47dba0d9a4a753","1","No"
"0x941463d0eb90033cf551a9f0efa89ff596e7e78e","1","No"
"0x96abca2c6934e6887e9e58c48b421d608357e3b2","1","No"
"0x96acd8b634095a6bd20340976fcc65e5ecc6e9f3","1","No"
"0x977877d8afe24bdf92d43fca3751a1c9988a5b03","1","No"
"0x995640df5d087afe90f3d1c9afcdd118c6851831","1","No"
"0x9a82ef5688c2bdb7b90004b0b1fdb8f3ce79ad30","1","No"
"0x9ad59ad56d9b6cfc1d04a9c6a0824f69922cf52a","1","No"
"0x9b237ddffab88ff566a6a1b863a3601f02d97848","1","No"
"0x9bcbf958364aad003552de214ab562b8aacbee68","1","No"
"0x9e0d60af810fc443d09398300b0977d6b7f5077a","1","No"
"0x9e93f001547d7584437e4c4a8e74f360d2e32242","1","No"
"0x9ec25ce8d6b36f3c4af5ae2b86993f858b956334","1","No"
"0x9edf1a4f66399670f762cedac2a81b944ebc42e4","1","No"
"0x9fa058f77477be67ede3210b6c01d5245c0ff2d3","1","No"
"0x9ffb6576fd70b6d4c868b78e7f7a4fedaa417a7a","1","No"
"0xa02dbaec2dd58f68afa7d9f6313b7499a6e7627f","1","No"
"0xa07ee87d3cd975cdd033e992d4a37ef50db056b3","1","No"
"0xa1d3fa58bd542c1a7a8854ba8a39293766b97337","1","No"
"0xa1ecdd509a741bfa06909cda13f73cd0378685d1","1","No"
"0xa2e70489d1d16b45c9cc7ae96d01c8308fe79fe0","1","No"
"0xa3a01097b06b71a0cd095a3269fc84f7755a1cb8","1","No"
"0xa4523f354c63e7694453f0b7cee62b4ad89d7020","1","No"
"0xa495e370e5987babb57580319c2ecb8e52a1239b","1","No"
"0xa54e9bf1087418723c310f6749f6d7a7b732afe8","1","No"
"0xa569e0acc47e77bc5fe9249ed5ef4f9c56314e89","1","No"
"0xa56d030b86d4f3e25d7c91d321e609ff21b79589","1","No"
"0xa5a5813c141ad666f1f70650d6b7d54e1568e05b","1","No"
"0xa748a0d68447b943961dc06b0f3d4c760de2f4a8","1","No"
"0xa7b0bb4dc3d1cbf2baea9208fc65b87ead28dbd5","1","No"
"0xa81725fae8bb3930a95debb0adeaa184b5e9cc10","1","No"
"0xa8c8703083aa9dfa8508f06d6f271d3965e55b73","1","No"
"0xa939746dfcd8c29a2c7d55d7ebe73a2f0e5f59fc","1","No"
"0xa9e9e100f07338a76f6f14e6e02826a03a44815b","1","No"
"0xab4da95cb6d87cde409a8d16587ab2504ae42afc","1","No"
"0xad4c1d977ba84095819fa8540be3d5bd59278a0d","1","No"
"0xad587b77fcf6eafb0c306b083ac30fc97862a315","1","No"
"0xad8d22b89e55490e72bb5b06971f47c4b329e8b2","1","No"
"0xade44991d931ca62e4b56f59a7a8e9160067f48a","1","No"
"0xade883c2d201faee374ee238b88f4c0d9adf0d04","1","No"
"0xb12897740478eec7b86b9ebf14245cdacbba4f2f","1","No"
"0xb18efd4a8359682be5bf513da64e87d82608a974","1","No"
"0xb212cebb5dc2f061cc7a1227972905b48f086b9e","1","No"
"0xb278b0a9f67f0d4ecf485422f7b40ef9126d97fb","1","No"
"0xb44731a0ed5bc519256550ca3920bb1d3b4d74d5","1","No"
"0xb47f0767c4183e04892a02b08e788db3cd10c74b","1","No"
"0xb54b06c0769f78ef88b4c0cbf73e7bd8bc26ed31","1","No"
"0xb5750a89f5b23ad981f0d07f2272b72b78a44692","1","No"
"0xb59e6d31dd9d2c38b5b1bbfe019be46800b917bf","1","No"
"0xb6ea791ee66c6813798743a5e5f11aff170a1eda","1","No"
"0xb724d343b60450ef484f3616fcafba8ad4aa0321","1","No"
"0xb817b0137bb1a838aebcc63a231d152c6cb03b41","1","No"
"0xb8fbb5ee61ac0d94863e2c5e5fad638c47a939d1","1","No"
"0xb970545635d336883f55ebd5e72aabd63c1524f7","1","No"
"0xba0376126dfcd6d80cfc6fa3b206abee1f675d4e","1","No"
"0xba5b91b6963cd425bf5c9f67d68aa25e3489db80","1","No"
"0xbab888c67f94ca0812d8576b31aca32486f57b16","1","No"
"0xbc19562c6379d489d2f22a06ac0fa8e4ad5e98a5","1","No"
"0xbc719aac21abf284a1f1a901efc17c0cb1947782","1","No"
"0xbc8dfc79f13be1e082dc7537d4b33365a9901592","1","No"
"0xbcc224605383cb72dc603b1e3b4f4678b371c4dc","1","No"
"0xbd4c4049bf7b42889d343384743a808f9d6a1f45","1","No"
"0xbd8e44a30438f02a215d828f25999a8b9e6d2b25","1","No"
"0xbe32bd9359a4aa5270b594f44eb3fdd7ee96a8b8","1","No"
"0xbe6b4b9d33e15e17a3852a6e7bfea0f0a126363d","1","No"
"0xbfb138e236270f5e88e2ed55dbe6690bc0cfd218","1","No"
"0xbfd7086e8c370cdb78aa0ee424a39c6191a118f6","1","No"
"0xbfd9ecc3760549746f86b5cae81c7c765f77ddd6","1","No"
"0xc1bae5c71ed72cd16453cdab73ec30b160a7c57a","1","No"
"0xc22ee69ec75437e4aafce3a7af116ab39dbb6a78","1","No"
"0xc2cbc9ddae1652f2e0da6a40c028dca0070d4bae","1","No"
"0xc2de8595ba1dfcaeaae261b590a76b369abf518a","1","No"
"0xc5b64d83f22d27a77d96c664062ffff58a0f3997","1","No"
"0xc5fda383af69f9dc54eb4c1248c8f75e4e610755","1","No"
"0xc64779958ec15aa3f8755c1a0ce581c0bb9b3124","1","No"
"0xc6834a309e38e24673bcf240b64c0e2d93faf45a","1","No"
"0xc7ebd30b89dc01382150247f403f2e38ec9412e6","1","No"
"0xc93b2cda260f13ee7afb4ea8c5ea47c0a9eafff6","1","No"
"0xc968eb14b3ad83cbae2f1b64d34dcbdc99543cd7","1","No"
"0xc9997dead47a0cbcc756d1deb470cba6e16a2e48","1","No"
"0xca5572053d89c8602c29e23d51646f9aa43537f7","1","No"
"0xca8dbfe5658a22c07f210213b49d0cc17b70b91b","1","No"
"0xccbeffe27d1b2ea84c530bf267d0b38224394c4b","1","No"
"0xcd2a7cb1c7854052860d03a72103565f9febc6ef","1","No"
"0xcdcebd663d2968df527413d765d84c60886ed7fc","1","No"
"0xcddcbd9c2665a71cd4cf5d1fac0740bf7643f260","1","No"
"0xce48ec5137ee110efdf4a6dad90f237b23f165a2","1","No"
"0xcf2834dec5bac5c86545cd928403c512a7cf45e0","1","No"
"0xcfbf3aa72bcc8af0ba064d9e7b83888495a280de","1","No"
"0xd05dfe1c7edf0f1817449ee4f50ba4a553c9023e","1","No"
"0xd296e124b9bfe56d285a66c3f8306aeaf3c78465","1","No"
"0xd2c74f81b5a8d3b4f70e97dd10cea5a93a35da36","1","No"
"0xd323e4b040111b3feba91091290685cf0be3080a","1","No"
"0xd40bfcce7b53bcf4fa91c03b7b1add7f1984ccf7","1","No"
"0xd6aac01503f0d12431a2c418048dfd09b57377b2","1","No"
"0xd7049630a45f2a48ff8d770a03899e11f00dccea","1","No"
"0xd7f422b4262002343ceb95348f2cbf1f9f65c3e1","1","No"
"0xd8d0340af0f326b47bd3ba9fe3106d70c2b2ff52","1","No"
"0xd8e1cb737bd1608ec9ee19e8d00f2d9e020fa6d3","1","No"
"0xd909cca5566e28b185c8ac0a62187de9e3695736","1","No"
"0xd9d0f8ec41cfbdb12d415d96d9a9d76cde32e9e4","1","No"
"0xda521799e18627a773375a1caf35f67983a5da8b","1","No"
"0xdb86903c3a477aaa85eb2f05c1939b604dc14c30","1","No"
"0xdbdb4465314cdf3f92417e2c9af78b4d64062f00","1","No"
"0xdcb6a79adcda176acd549fb95c5d34a395fe622b","1","No"
"0xdd8949d80d045f2d0a72f5d38d2ea214fe99b5b3","1","No"
"0xdda96a258a3e68d188f9932512cea29642b9be84","1","No"
"0xded74c0cd08fea4e7905b284795cab76293c767a","1","No"
"0xdf20bcc15a4f7443c132a9ce8d4e2540116a5978","1","No"
"0xdf89ec5fff5b12a89d500d8f163765e37b65e9d4","1","No"
"0xe03d7cb5e146e7f67c5da6bd81d7252b2d6eea09","1","No"
"0xe0c7141ed6f8f475e9c3f0d204fdcc21dea49d23","1","No"
"0xe1dfd93006b6ccdf32a10320b288fb94d5041450","1","No"
"0xe1f8de77c45a128e623c1a4b501254b5aa0cd0f4","1","No"
"0xe2843a9f551b9471be70cb58ab61cf1bd848f8f3","1","No"
"0xe2907f639cb3911aa4e1a44522bd7fb01157481b","1","No"
"0xe314ca00ffde1ac64a59c3d2f2393f530ac1cdbc","1","No"
"0xe4741ba116213cd2caaa647d3bfe4af064e2c03f","1","No"
"0xe5499a32bbfedd563f87c6fcb05d5eb0333ac996","1","No"
"0xe610b5c4f13765e97cd99b6802839ac4f95f7559","1","No"
"0xe633bbcb378ec6d5d6031c4de7d3d184fbe3e8a5","1","No"
"0xe7968cfa660fbf62b68a614aad3bfd92185c21f6","1","No"
"0xe83e6412c7b4b7e8631c295d3b3d27f2c73af017","1","No"
"0xe86a383f599eb082f0dd6187dc144e22893220f6","1","No"
"0xe957b0829c6ae6ac461d7365b7927e1ff604114b","1","No"
"0xe99bf50304dd6244a57f4607011b1b030d7a393d","1","No"
"0xe9d7f29cb86cb41bdf992cd2728bc801fd3442a2","1","No"
"0xec74cb7caad7f2be41eca00baaeae7960f63194a","1","No"
"0xecdbd3e9ab8fd6dfe79c4d7f42a6681172054600","1","No"
"0xecf624b7236c42e52c0326593a72459ed4fde379","1","No"
"0xed01d36c1e315bb44b83d28bd78e78ffae907ecf","1","No"
"0xee18508c34eaf81fbd0963beee774ebced87e9a6","1","No"
"0xee499b25a5285f4c1ddbd5846445ed56daf0bd36","1","No"
"0xeec73caadae89d081dc1c8b39f3fda7ce82eeda1","1","No"
"0xef12e9bfb6e248fc6ecde3f7bdce941ae8313cbd","1","No"
"0xefb4da6e920d6616b703bcc9519529b45e500ab1","1","No"
"0xefe331916875f478b8b7e3cde0e65613d08ebcfb","1","No"
"0xf034d2dc3f0586f3bf92d224d2a7c4b551337dc5","1","No"
"0xf21277aa4e4197591a3762c974a7df5c1291edfd","1","No"
"0xf25041497082f71223e89d40efb75c66af87e408","1","No"
"0xf2734e404095d0e490908e389c5ea738ea717bf7","1","No"
"0xf2ed129fe872524219b8e804720d46141ee5b81d","1","No"
"0xf4074b1d1bb1c12476397d9a0cff5a67132e0f17","1","No"
"0xf41202871a6094d3b00f0685cf7e474e4f442d40","1","No"
"0xf4c85115a85566f16db5f93f148cf4de547ebf8c","1","No"
"0xf5514bbde933ea8608288a888deeba167aa007e9","1","No"
"0xf585874e44ecb5af5bc49877724d1356cb4dc80d","1","No"
"0xf5f16440f1569a835400af06cf1187297badff45","1","No"
"0xf7f832498d5fcbb95c435b8ba8ac26231afc8606","1","No"
"0xf959b62a480a7c1bfc900c2401616b7b925b5493","1","No"
"0xf97421335a3928d03ab77ed680b507843d9bf334","1","No"
"0xf9abeefff90019b9eb3ec17aa4dd3768a657bc00","1","No"
"0xfbbf86ff3610efdd6d7f42bda0511ea49643582e","1","No"
"0xfbd1d1c16d29f5664fb10072e39aed719a1d1ad7","1","No"
"0xfbe0defc816121b88ddc32b09ee411c3d85de1ee","1","No"
"0xfc4c365bfd61c8eec1f951712841e7b6f0b4950e","1","No"
"0xfd048d2e589ad0bde94d37232cc83d5fd78b7b70","1","No"
"0xfd6ba8e259b54681e2928aef9f35a669c11d0b23","1","No"
"0xfde6091c4fb6d2dbfc8448b411c8f292414c9624","1","No"
"0xffda03a768535823f6c7b216e490d58be9bfa22c","1","No"
